element_start,leper_corpse,ActorDataClass
m_Tags,corpse,
m_IsBattleComplete,True,
m_ClearContainerTypes,BuffContainer,TokenContainer,DotContainer,
m_Size,1,
m_IgnoredSkillAttributeTypes,TOKEN_ADD,BUFF_ADD,QUIRK_ADD,
m_IsTickTriggerValid,False,
m_SkillBlockId,corpse,
m_DeathRound,3,
m_TokenViewValid,False,
m_IsEffectsReasonValid,False,
element_end
element_start,leper_corpse,ActorDataStats
key_map,health_max,
add_stats,28,
sub_stat,resistance,stun,0.7,
sub_stat,resistance,blight,0.6,
sub_stat,resistance,bleed,0.6,
sub_stat,resistance,burn,0.6,
sub_stat,resistance,disease,0.7,
sub_stat,resistance,move,0.7,
sub_stat,resistance,debuff,0.9,
element_end
element_start,leper,ActorDataClass
m_Tags,hero,wanderer,hard_target,ally,
m_Size,1,
m_IsTickTriggerValid,True,
m_IsStressTriggerValid,True,
m_IsBarkTriggerValid,True,
m_LocalizationGender,male,
overstresses,meltdown,resolute,
m_RosterOrderPriority,13,
m_ExpeditionUnlockId,leper_1,
m_DefaultActorDataPathId,lep_wanderer,
m_ReserveActorDataPathId,lep_reserve,
m_IsStallCounted,True,
m_DeathLootIds,hero_bones,
m_ResistMinOverrides,death,0.33,
m_StartingRosterStatusType,idle,
skill_sets,lep_skill_kit_1,lep_skill_kit_2,lep_skill_kit_3,lep_skill_kit_4,
m_IsRelationshipValid,True,
m_QuirkContainerId,roster_quirk_container,
m_IsActoutValid,True,
m_EquippedCombatSkillLimit,5,
m_QuirkContainerId,leper_quirk_container,
element_end
element_start,leper,ActorDataStats
key_map,health_max,speed,stress_max,deaths_door_chance,speed_number_of_turns,health_heal_percent_between_nodes,route_choice_chance,
add_stats,44,5,10,1,1,0.1,0.67,
sub_stat,resistance,stun,0.7,
sub_stat,resistance,blight,0.6,
sub_stat,resistance,bleed,0.6,
sub_stat,resistance,burn,0.6,
sub_stat,resistance,disease,0.7,
sub_stat,resistance,move,0.7,
sub_stat,resistance,debuff,0.9,
sub_stat,resistance,death,0.7,
sub_stat,route_choice_preference,Bridge,1,
sub_stat,route_choice_preference,Cache,1,
sub_stat,route_choice_preference,StoryCultist,1,
sub_stat,route_choice_preference,Dungeon,1,
sub_stat,route_choice_preference,Gate,1,
sub_stat,route_choice_preference,HeroSelect,1,
sub_stat,route_choice_preference,Hospital,1,
sub_stat,route_choice_preference,Inn,1,
sub_stat,route_choice_preference,Store,1,
sub_stat,route_choice_preference,StoryAssist,1,
sub_stat,route_choice_preference,StoryCosmic,1,
sub_stat,route_choice_preference,StoryHero,1,
sub_stat,route_choice_preference,StoryHeroReplacement,1,
sub_stat,route_choice_preference,StoryResist,1,
sub_stat,route_choice_preference,Unknown,1,
sub_stat,route_choice_preference,WatchTower,1,
sub_stat,route_choice_preference,Oasis,1,
sub_stat,route_choice_preference,CreatureDen,1,
element_end
element_start,leper,ActorDataEffects
turn_skip_effects,stun_temp_resist_buff_e,
roster_status_exit_effects,hire_replaced_heal,hire_replaced_stress_heal,
deaths_door_survive_effects,deathblow_chance_shaping_heroes_e,
combat_start_effects,remove_all_lep_monarch_kill_buffs,
element_end
element_start,leper,ActorDataExternalBuffs
buffs,lep_ut_deathblow_resist_1,lep_ut_deathblow_resist_2,lep_ut_deathblow_resist_3,lep_ut_max_hp_1,lep_ut_max_hp_2,lep_ut_move_resist_1,lep_signature_item_buff,leper_combat_start_blindness,
element_end
element_start,lep_move,ActorDataSkill
m_IsFriendly,True,
m_IsFriendlySelfTargetValid,True,
m_LaunchRanks,0,1,2,3,
m_TargetRelativeRanks,-1,
m_IsMoveToTarget,True,
m_IsAlwaysTargetable,True,
m_AverageRankIgnored,True,
m_ValidActOutTypes,skill_block,
m_Tags,move,
m_IsAlwaysEquipped,True,
element_end
element_start,lep_chop,ActorDataSkill
m_IsFriendly,False,
launch_ranks,1,2,3
target_ranks,1,2,
m_IsMultiHit,True,
m_CanBeRiposted,True,
m_AverageRankIgnored,False,
m_ValidActOutTypes,skill_before,skill_after,skill_additional,
token_ignores,til_combo_ignore_blind,
m_Tags,melee,lep_chop,
m_IsStallInvalidating,True,
element_end
element_start,lep_chop,ActorDataStats
key_map,health_damage,health_damage_range,crit_chance,
add_stats,6,6,0.35,
element_end
element_start,lep_chop,ActorDataEffects
performer_effects,leper_self_blind_chance,
target_effects,end_combo_if_blind,
performer_per_target_effects,ignored_token_remove_1_blind_if_target_combo,
element_end
element_start,lep_chop_u,ActorDataSkill
m_IsFriendly,False,
launch_ranks,1,2,3
target_ranks,1,2,
m_IsMultiHit,True,
m_CanBeRiposted,True,
m_AverageRankIgnored,False,
m_ValidActOutTypes,skill_before,skill_after,skill_additional,
token_ignores,til_combo_ignore_blind,
m_Tags,melee,lep_chop,
m_ConditionIdOverride,lep_chop,
m_SkillHistoryIdOverride,lep_chop,
m_IsStallInvalidating,True,
m_SkillModifierChanceModifiers,curse,3,
element_end
element_start,lep_chop_u,ActorDataStats
key_map,health_damage,health_damage_range,crit_chance,
add_stats,8,8,0.35,
element_end
element_start,lep_chop_u,ActorDataEffects
performer_effects,leper_self_blind_chance_u,
target_effects,end_combo_if_blind,
performer_per_target_effects,ignored_token_remove_1_blind_if_target_combo,
element_end
element_start,lep_chop_u,Unlock
m_RequirementIds,lep_chop,
m_CostId,hero_skill_upgrade,
element_end
element_start,lep_hew,ActorDataSkill
m_IsFriendly,False,
launch_ranks,1,2,
target_ranks,1,2,
m_IsMultiHit,True,
m_CanBeRiposted,True,
m_AverageRankIgnored,False,
m_ValidActOutTypes,skill_before,skill_after,skill_additional,
multi_hit_shared_token_ignores,til_combo_ignore_blind,
m_Tags,melee,accepts_ruin_p3,lep_hew,
m_IsStallInvalidating,True,
m_ProfileUnlockId,herostory_LEP_04,
element_end
element_start,lep_hew,ActorDataStats
key_map,health_damage,health_damage_range,crit_chance,
add_stats,4,4,0.05,
element_end
element_start,lep_hew,ActorDataEffects
performer_effects,leper_self_blind_chance,
target_effects,end_combo_if_blind,
performer_per_target_effects,ignored_token_remove_1_blind_if_target_combo,
element_end
element_start,lep_hew_u,ActorDataSkill
m_IsFriendly,False,
launch_ranks,1,2,
target_ranks,1,2,
m_IsMultiHit,True,
m_CanBeRiposted,True,
m_AverageRankIgnored,False,
m_ValidActOutTypes,skill_before,skill_after,skill_additional,
multi_hit_shared_token_ignores,til_combo_ignore_blind,
m_Tags,melee,accepts_ruin_p3,lep_hew,
m_ConditionIdOverride,lep_hew,
m_SkillHistoryIdOverride,lep_hew,
m_IsStallInvalidating,True,
m_SkillModifierChanceModifiers,curse,3,
element_end
element_start,lep_hew_u,ActorDataStats
key_map,health_damage,health_damage_range,crit_chance,
add_stats,5,5,0.05,
element_end
element_start,lep_hew_u,ActorDataEffects
performer_effects,leper_self_blind_chance_u,
target_effects,end_combo_if_blind,
performer_per_target_effects,ignored_token_remove_1_blind_if_target_combo,
element_end
element_start,lep_hew_u,Unlock
m_RequirementIds,lep_hew,
m_CostId,hero_skill_upgrade,
element_end
element_start,lep_purge,ActorDataSkill
m_IsFriendly,False,
launch_ranks,1,
target_ranks,1,
m_IsMultiHit,False,
m_CanBeRiposted,True,
m_DeathClassTagIgnores,corpse,
m_AverageRankIgnored,False,
m_ValidActOutTypes,skill_before,skill_after,skill_additional,
m_Tags,melee,lep_purge,
m_IsStallInvalidating,True,
element_end
element_start,lep_purge,ActorDataStats
key_map,health_damage,health_damage_range,crit_chance,
add_stats,3,4,0.05,
element_end
element_start,lep_purge,ActorDataEffects
target_team_effects,clear_corpse,
target_effects,move_knockback_3,
element_end
element_start,lep_purge_u,ActorDataSkill
m_IsFriendly,False,
launch_ranks,1,
target_ranks,1,
m_IsMultiHit,False,
m_CanBeRiposted,True,
m_DeathClassTagIgnores,corpse,
m_AverageRankIgnored,False,
m_ValidActOutTypes,skill_before,skill_after,skill_additional,
m_Tags,melee,lep_purge,
m_ConditionIdOverride,lep_purge,
m_SkillHistoryIdOverride,lep_purge,
m_IsStallInvalidating,True,
m_SkillModifierChanceModifiers,curse,3,
element_end
element_start,lep_purge_u,ActorDataStats
key_map,health_damage,health_damage_range,crit_chance,
add_stats,5,4,0.05,
element_end
element_start,lep_purge_u,ActorDataEffects
target_team_effects,clear_corpse,
target_effects,move_knockback_3,prime_combo,
element_end
element_start,lep_purge_u,Unlock
m_RequirementIds,lep_purge,
m_CostId,hero_skill_upgrade,
element_end
element_start,lep_revenge,ActorDataSkill
m_IsFriendly,True,
m_IsFriendlySelfTargetValid,True,
launch_ranks,1,2,3,4,
m_IsMultiHit,False,
m_Limit,2,
m_Cooldown,2,
m_AverageRankIgnored,True,
m_ValidActOutTypes,skill_before,skill_after,skill_block,
m_Tags,lep_revenge,
m_IsStallInvalidating,False,
m_ProfileUnlockId,herostory_LEP_02,
element_end
element_start,lep_revenge,ActorDataEffects
performer_effects,leper_revenge_strength_buff_e,lep_revenge_speed_e,
performer_after_target_effects,lep_revenge_anti_block_e,remove_all_block,remove_all_weak,lep_revenge_clear_withstand,remove_all_block_plus,add_1_strength,
element_end
element_start,lep_revenge_u,ActorDataSkill
m_IsFriendly,True,
m_IsFriendlySelfTargetValid,True,
launch_ranks,1,2,3,4,
m_IsMultiHit,False,
m_Limit,2,
m_Cooldown,2,
m_IsFreeAction,True,
m_AverageRankIgnored,True,
m_ValidActOutTypes,skill_before,skill_after,skill_block,
m_Tags,lep_revenge,
m_ConditionIdOverride,lep_revenge,
m_SkillHistoryIdOverride,lep_revenge,
m_IsStallInvalidating,False,
m_SkillModifierChanceModifiers,curse,3,
element_end
element_start,lep_revenge_u,ActorDataEffects
performer_effects,leper_revenge_strength_buff_e,lep_revenge_speed_e,
performer_after_target_effects,lep_revenge_anti_block_e,remove_all_block,remove_all_weak,lep_revenge_clear_withstand,remove_all_block_plus,add_1_strength,
element_end
element_start,lep_revenge_u,Unlock
m_RequirementIds,lep_revenge,
m_CostId,hero_skill_upgrade,
element_end
element_start,lep_withstand,ActorDataSkill
m_IsFriendly,True,
m_IsFriendlySelfTargetValid,True,
launch_ranks,1,2,3,4,
m_IsMultiHit,False,
m_Limit,2,
m_Cooldown,2,
m_AverageRankIgnored,True,
m_ValidActOutTypes,skill_before,skill_after,skill_block,
m_Tags,lep_withstand,
m_IsStallInvalidating,False,
element_end
element_start,lep_withstand,ActorDataEffects
performer_effects,leper_withstand_dot_resist_buff_e,leper_withstand_move_resist_buff_e,leper_withstand_block_buff_e,lep_withstand_anti_strength_e,lep_withstand_crit_debuff_e,
performer_after_target_effects,remove_all_vulnerable,remove_all_strength,lep_withstand_clear_revenge,add_2_block,add_2_taunt_nr,
element_end
element_start,lep_withstand_u,ActorDataSkill
m_IsFriendly,True,
m_IsFriendlySelfTargetValid,True,
launch_ranks,1,2,3,4,
m_IsMultiHit,False,
m_Limit,2,
m_Cooldown,2,
m_IsFreeAction,True,
m_AverageRankIgnored,True,
m_ValidActOutTypes,skill_before,skill_after,skill_block,
m_Tags,lep_withstand,
m_ConditionIdOverride,lep_withstand,
m_SkillHistoryIdOverride,lep_withstand,
m_IsStallInvalidating,False,
m_SkillModifierChanceModifiers,curse,3,
element_end
element_start,lep_withstand_u,ActorDataEffects
performer_effects,leper_withstand_dot_resist_buff_e,leper_withstand_move_resist_buff_e,leper_withstand_block_buff_e,lep_withstand_anti_strength_e,lep_withstand_crit_debuff_e,
performer_after_target_effects,remove_all_strength,remove_all_vulnerable,lep_withstand_clear_revenge,add_2_block,add_2_taunt_nr,
element_end
element_start,lep_withstand_u,Unlock
m_RequirementIds,lep_withstand,
m_CostId,hero_skill_upgrade,
element_end
element_start,lep_solemnity,ActorDataSkill
m_IsFriendly,True,
m_IsFriendlySelfTargetValid,True,
launch_ranks,1,2,
m_IsMultiHit,False,
m_Limit,2,
m_AnyConditionIds,target_has_stress_hidden,performer_health_under_33pct_hidden,
m_AverageRankIgnored,True,
m_ValidActOutTypes,skill_before,skill_after,skill_block,
m_Tags,heal,stress_heal,lep_solemnity,
m_IsStallInvalidating,False,
element_end
element_start,lep_solemnity,ActorDataEffects
performer_apply_limit_effects,heal_33pct_self_threshold_med,
performer_apply_limit,1,
performer_effects,stress_heal_2,
element_end
element_start,lep_solemnity_u,ActorDataSkill
m_IsFriendly,True,
m_IsFriendlySelfTargetValid,True,
launch_ranks,1,2,
m_IsMultiHit,False,
m_Limit,2,
m_AnyConditionIds,target_has_stress_hidden,performer_health_under_33pct_hidden,
m_AverageRankIgnored,True,
m_ValidActOutTypes,skill_before,skill_after,skill_block,
m_Tags,heal,stress_heal,lep_solemnity,
m_ConditionIdOverride,lep_solemnity,
m_SkillHistoryIdOverride,lep_solemnity,
m_IsStallInvalidating,False,
m_SkillModifierChanceModifiers,curse,3,
element_end
element_start,lep_solemnity_u,ActorDataEffects
performer_apply_limit_effects,heal_50pct_self_threshold_med,
performer_apply_limit,1,
performer_effects,stress_heal_3,
element_end
element_start,lep_solemnity_u,Unlock
m_RequirementIds,lep_solemnity,
m_CostId,hero_skill_upgrade,
element_end
element_start,lep_intimidate,ActorDataSkill
m_IsFriendly,False,
launch_ranks,1,
target_ranks,1,2,3,4,
m_IsMultiHit,False,
m_Cooldown,2,
m_CanBeRiposted,True,
m_AverageRankIgnored,False,
m_ValidActOutTypes,skill_before,skill_after,skill_additional,
m_Tags,melee,accepts_ruin_p3,lep_intimidate,
m_IsStallInvalidating,True,
m_ProfileUnlockId,herostory_LEP_03,
element_end
element_start,lep_intimidate,ActorDataStats
key_map,health_damage,health_damage_range,crit_chance,
add_stats,2,4,0.05,
element_end
element_start,lep_intimidate,ActorDataEffects
performer_effects,add_2_taunt_nr,
target_effects,add_2_weak,
element_end
element_start,lep_intimidate_u,ActorDataSkill
m_IsFriendly,False,
launch_ranks,1,
target_ranks,1,2,3,4,
m_IsMultiHit,False,
m_Cooldown,1,
m_CanBeRiposted,True,
m_AverageRankIgnored,False,
m_ValidActOutTypes,skill_before,skill_after,skill_additional,
token_ignores,til_ignore_stealth,
m_Tags,melee,accepts_ruin_p3,lep_intimidate,
m_ConditionIdOverride,lep_intimidate,
m_SkillHistoryIdOverride,lep_intimidate,
m_IsStallInvalidating,True,
m_SkillModifierChanceModifiers,curse,3,
element_end
element_start,lep_intimidate_u,ActorDataStats
key_map,health_damage,health_damage_range,crit_chance,
add_stats,3,4,0.05,
element_end
element_start,lep_intimidate_u,ActorDataEffects
performer_effects,add_2_taunt_nr,
target_effects,add_2_weak,remove_all_stealth,
element_end
element_start,lep_intimidate_u,Unlock
m_RequirementIds,lep_intimidate,
m_CostId,hero_skill_upgrade,
element_end
element_start,lep_ruin,ActorDataSkill
m_IsFriendly,True,
m_IsFriendlySelfTargetValid,True,
launch_ranks,1,2,3,
m_IsMultiHit,False,
m_AllConditionIds,performer_no_lep_ruin_counter,
m_AverageRankIgnored,True,
m_ValidActOutTypes,skill_before,skill_after,skill_block,
m_Tags,lep_ruin,
m_IsStallInvalidating,False,
m_ProfileUnlockId,herostory_LEP_05,
element_end
element_start,lep_ruin,ActorDataEffects
performer_effects,add_2_lep_ruin_counter,add_2_lep_ruin_timer,do_nothing_lep_ruin_ready,
performer_apply_limit_effects,lep_ruin_gather_power_manager_e,
performer_apply_limit,1,
element_end
element_start,lep_ruin_u,ActorDataSkill
m_IsFriendly,True,
m_IsFriendlySelfTargetValid,True,
launch_ranks,1,2,3,
m_IsMultiHit,False,
m_AllConditionIds,performer_no_lep_ruin_counter,
m_AverageRankIgnored,True,
m_ValidActOutTypes,skill_before,skill_after,skill_block,
m_Tags,lep_ruin,
m_ConditionIdOverride,lep_ruin,
m_SkillHistoryIdOverride,lep_ruin,
m_IsStallInvalidating,False,
m_SkillModifierChanceModifiers,curse,3,
element_end
element_start,lep_ruin_u,ActorDataEffects
performer_effects,add_2_lep_ruin_counter,add_2_lep_ruin_timer,do_nothing_lep_ruin_u_ready,
performer_apply_limit_effects,lep_ruin_gather_power_manager_e,
performer_apply_limit,1,
element_end
element_start,lep_ruin_u,Unlock
m_RequirementIds,lep_ruin,
m_CostId,hero_skill_upgrade,
element_end
element_start,lep_reflection,ActorDataSkill
m_IsFriendly,True,
m_IsFriendlySelfTargetValid,True,
launch_ranks,1,2,3,4
m_IsMultiHit,False,
m_Cooldown,1,
m_AnyConditionIds,target_has_stress_hidden,performer_has_blind_hidden,performer_has_weak_hidden,performer_has_vulnerable_hidden,performer_is_combo_primed_hidden,
m_AverageRankIgnored,True,
m_ValidActOutTypes,skill_before,skill_after,skill_block,
m_Tags,stress_heal,lep_reflection,
m_IsStallInvalidating,False,
element_end
element_start,lep_reflection,ActorDataEffects
performer_effects,stress_heal_2,
performer_after_target_effects,remove_all_blind,remove_all_weak,remove_all_vulnerable,remove_all_combo_visible,
element_end
element_start,lep_reflection_u,ActorDataSkill
m_IsFriendly,True,
m_IsFriendlySelfTargetValid,True,
launch_ranks,1,2,3,4
m_IsMultiHit,False,
m_Cooldown,1,
m_AnyConditionIds,target_has_stress_hidden,performer_has_blind_hidden,performer_has_weak_hidden,performer_has_vulnerable_hidden,performer_is_combo_primed_hidden,
m_AverageRankIgnored,True,
m_ValidActOutTypes,skill_before,skill_after,skill_block,
m_Tags,stress_heal,lep_reflection,
m_ConditionIdOverride,lep_reflection,
m_SkillHistoryIdOverride,lep_reflection,
m_IsStallInvalidating,False,
m_SkillModifierChanceModifiers,curse,3,
element_end
element_start,lep_reflection_u,ActorDataEffects
performer_apply_limit_effects,stress_heal_2,
performer_apply_limit,1,
performer_effects,lep_reflection_u_weak,lep_reflection_u_blind,lep_reflection_u_vulnerable,lep_reflection_u_combo,
performer_after_target_effects,remove_all_blind,remove_all_weak,remove_all_vulnerable,remove_all_combo_visible,
element_end
element_start,lep_reflection_u,Unlock
m_RequirementIds,lep_reflection,
m_CostId,hero_skill_upgrade,
element_end
element_start,lep_break,ActorDataSkill
m_IsFriendly,False,
launch_ranks,1,2,
target_ranks,1,2,
m_IsMultiHit,False,
m_CanBeRiposted,True,
m_AverageRankIgnored,False,
m_ValidActOutTypes,skill_before,skill_after,skill_additional,
token_ignores,til_piercing,til_ignore_block,til_combo_ignore_blind,
m_Tags,melee,accepts_ruin_p3,lep_break,
m_IsStallInvalidating,True,
m_ProfileUnlockId,herostory_LEP_01,
element_end
element_start,lep_break,ActorDataStats
key_map,health_damage,health_damage_range,crit_chance,
add_stats,5,4,0.05,
element_end
element_start,lep_break,ActorDataEffects
performer_effects,leper_self_blind_chance,
target_effects,remove_all_block_plus,remove_all_block,end_combo_if_blind,ignored_token_remove_1_block_plus,ignored_token_remove_1_block,
performer_per_target_effects,ignored_token_remove_1_blind_if_target_combo,
element_end
element_start,lep_break_u,ActorDataSkill
m_IsFriendly,False,
launch_ranks,1,2,
target_ranks,1,2,
m_IsMultiHit,False,
m_CanBeRiposted,True,
m_AverageRankIgnored,False,
m_ValidActOutTypes,skill_before,skill_after,skill_additional,
token_ignores,til_piercing,til_ignore_block,til_combo_ignore_blind,
m_Tags,melee,accepts_ruin_p3,lep_break,
m_ConditionIdOverride,lep_break,
m_SkillHistoryIdOverride,lep_break,
m_IsStallInvalidating,True,
m_SkillModifierChanceModifiers,curse,3,
element_end
element_start,lep_break_u,ActorDataStats
key_map,health_damage,health_damage_range,crit_chance,
add_stats,6,6,0.05,
element_end
element_start,lep_break_u,ActorDataEffects
performer_effects,leper_self_blind_chance_u,
target_effects,remove_all_block_plus,remove_all_block,end_combo_if_blind,remove_anti_block_debuff,anti_block_2_rounds_e,ignored_token_remove_1_block_plus,ignored_token_remove_1_block,
performer_per_target_effects,ignored_token_remove_1_blind_if_target_combo,
element_end
element_start,lep_break_u,Unlock
m_RequirementIds,lep_break,
m_CostId,hero_skill_upgrade,
element_end
element_start,lep_stagger,ActorDataSkill
m_IsFriendly,False,
launch_ranks,1,2,
target_ranks,1,2,
m_IsMultiHit,False,
m_CanBeRiposted,True,
m_AverageRankIgnored,False,
m_ValidActOutTypes,skill_before,skill_after,skill_additional,
m_Tags,melee,lep_stagger,
m_IsStallInvalidating,True,
m_ProfileUnlockId,herostory_LEP_05,
element_end
element_start,lep_stagger,ActorDataStats
key_map,health_damage,health_damage_range,crit_chance,
add_stats,3,4,0.05,
element_end
element_start,lep_stagger,ActorDataEffects
performer_effects,add_1_immobilize_nr,
target_effects,add_1_immobilize,add_1_daze,
element_end
element_start,lep_stagger_u,ActorDataSkill
m_IsFriendly,False,
launch_ranks,1,2,
target_ranks,1,2,
m_IsMultiHit,False,
m_CanBeRiposted,True,
m_AverageRankIgnored,False,
m_ValidActOutTypes,skill_before,skill_after,skill_additional,
m_Tags,melee,lep_stagger,
m_ConditionIdOverride,lep_stagger,
m_SkillHistoryIdOverride,lep_stagger,
m_IsStallInvalidating,True,
m_SkillModifierChanceModifiers,curse,3,
element_end
element_start,lep_stagger_u,ActorDataStats
key_map,health_damage,health_damage_range,crit_chance,
add_stats,5,4,0.05,
element_end
element_start,lep_stagger_u,ActorDataEffects
performer_effects,add_2_immobilize_nr,
target_effects,add_2_immobilize,add_1_daze,prime_combo,
element_end
element_start,lep_stagger_u,Unlock
m_RequirementIds,lep_stagger,
m_CostId,hero_skill_upgrade,
element_end
element_start,lep_act_out_enemy,ActorDataSkill
m_IsFriendly,False,
launch_ranks,1,2,3,4,
target_ranks,1,2,3,4,
m_IsMultiHit,False,
m_AverageRankIgnored,True,
m_ValidActOutTypes,skill_before,skill_after,skill_additional,
token_ignores,til_standard_act_out,
m_Tags,melee,act_out_enemy,lep_act_out_enemy,
m_IsActOut,True,
m_IsStallInvalidating,False,
element_end
element_start,lep_act_out_enemy,ActorDataStats
key_map,health_damage,health_damage_range,crit_chance,
add_stats,4,4,0.05,
element_end
element_start,lep_act_out_friendly,ActorDataSkill
m_IsFriendly,True,
launch_ranks,1,2,3,4,
target_ranks,1,2,3,4,
m_IsMultiHit,False,
m_AverageRankIgnored,True,
m_ValidActOutTypes,skill_before,skill_after,skill_block,
token_ignores,til_standard_act_out,
m_Tags,melee,act_out_friendly,lep_act_out_friendly,
m_IsActOut,True,
m_IsStallInvalidating,False,
element_end
element_start,lep_act_out_friendly,ActorDataStats
key_map,health_damage,health_damage_range,crit_chance,
add_stats,4,4,0.05,
element_end
element_start,lep_chop_p1,ActorDataSkill
m_IsFriendly,False,
launch_ranks,1,2,3
target_ranks,1,2,
m_IsMultiHit,True,
m_CanBeRiposted,True,
m_AverageRankIgnored,False,
m_ValidActOutTypes,skill_before,skill_after,skill_additional,
token_ignores,til_combo_ignore_blind_weak,
m_Tags,melee,lep_chop,
m_ConditionIdOverride,lep_chop,
m_SkillHistoryIdOverride,lep_chop,
performer_buffs,lep_p1_neg_token_dmg_buff,
m_IsStallInvalidating,True,
element_end
element_start,lep_chop_p1,ActorDataStats
key_map,health_damage,health_damage_range,crit_chance,
add_stats,6,6,0.35,
element_end
element_start,lep_chop_p1,ActorDataEffects
performer_effects,leper_p1_self_blind_chance,leper_p1_self_damage_1_neg,leper_p1_self_damage_2_neg,leper_p1_self_damage_3_neg,leper_p1_self_damage_4_neg,leper_p1_self_damage_5_plus_neg,
target_effects,end_combo_if_blind,end_combo_if_weak,
performer_per_target_effects,ignored_token_remove_1_weak_if_target_combo,ignored_token_remove_1_blind_if_target_combo,
element_end
element_start,lep_chop_p1_u,ActorDataSkill
m_IsFriendly,False,
launch_ranks,1,2,3
target_ranks,1,2,
m_IsMultiHit,True,
m_CanBeRiposted,True,
m_AverageRankIgnored,False,
m_ValidActOutTypes,skill_before,skill_after,skill_additional,
token_ignores,til_combo_ignore_blind_weak,
m_Tags,melee,lep_chop,
m_ConditionIdOverride,lep_chop,
m_SkillHistoryIdOverride,lep_chop,
performer_buffs,lep_p1_u_neg_token_dmg_buff,
m_IsStallInvalidating,True,
m_SkillModifierChanceModifiers,curse,3,
element_end
element_start,lep_chop_p1_u,ActorDataStats
key_map,health_damage,health_damage_range,crit_chance,
add_stats,8,8,0.35,
element_end
element_start,lep_chop_p1_u,ActorDataEffects
performer_effects,leper_p1_self_blind_chance_u,leper_p1_self_damage_1_neg,leper_p1_self_damage_2_neg,leper_p1_self_damage_3_neg,leper_p1_self_damage_4_neg,leper_p1_self_damage_5_plus_neg,
target_effects,end_combo_if_blind,end_combo_if_weak,
performer_per_target_effects,ignored_token_remove_1_weak_if_target_combo,ignored_token_remove_1_blind_if_target_combo,
element_end
element_start,lep_chop_p1_u,Unlock
m_RequirementIds,lep_chop_p1,
m_CostId,hero_skill_upgrade,
element_end
element_start,lep_hew_p1,ActorDataSkill
m_IsFriendly,False,
launch_ranks,1,2,
target_ranks,1,2,
m_IsMultiHit,True,
m_CanBeRiposted,True,
m_AverageRankIgnored,False,
m_ValidActOutTypes,skill_before,skill_after,skill_additional,
multi_hit_shared_token_ignores,til_combo_ignore_blind_weak,
m_Tags,melee,lep_hew,
m_ConditionIdOverride,lep_hew,
m_SkillHistoryIdOverride,lep_hew,
performer_buffs,lep_p1_neg_token_dmg_buff,
m_IsStallInvalidating,True,
element_end
element_start,lep_hew_p1,ActorDataStats
key_map,health_damage,health_damage_range,crit_chance,
add_stats,4,4,0.05,
element_end
element_start,lep_hew_p1,ActorDataEffects
performer_effects,leper_p1_self_blind_chance,leper_p1_self_damage_1_neg,leper_p1_self_damage_2_neg,leper_p1_self_damage_3_neg,leper_p1_self_damage_4_neg,leper_p1_self_damage_5_plus_neg,
target_effects,end_combo_if_blind,end_combo_if_weak,
performer_per_target_effects,ignored_token_remove_1_weak_if_target_combo,ignored_token_remove_1_blind_if_target_combo,
element_end
element_start,lep_hew_p1_u,ActorDataSkill
m_IsFriendly,False,
launch_ranks,1,2,
target_ranks,1,2,
m_IsMultiHit,True,
m_CanBeRiposted,True,
m_AverageRankIgnored,False,
m_ValidActOutTypes,skill_before,skill_after,skill_additional,
multi_hit_shared_token_ignores,til_combo_ignore_blind_weak,
m_Tags,melee,lep_hew,
m_ConditionIdOverride,lep_hew,
m_SkillHistoryIdOverride,lep_hew,
performer_buffs,lep_p1_u_neg_token_dmg_buff,
m_IsStallInvalidating,True,
m_SkillModifierChanceModifiers,curse,3,
element_end
element_start,lep_hew_p1_u,ActorDataStats
key_map,health_damage,health_damage_range,crit_chance,
add_stats,5,5,0.05,
element_end
element_start,lep_hew_p1_u,ActorDataEffects
performer_effects,leper_p1_self_blind_chance_u,leper_p1_self_damage_1_neg,leper_p1_self_damage_2_neg,leper_p1_self_damage_3_neg,leper_p1_self_damage_4_neg,leper_p1_self_damage_5_plus_neg,
target_effects,end_combo_if_blind,end_combo_if_weak,
performer_per_target_effects,ignored_token_remove_1_weak_if_target_combo,ignored_token_remove_1_blind_if_target_combo,
element_end
element_start,lep_hew_p1_u,Unlock
m_RequirementIds,lep_hew_p1,
m_CostId,hero_skill_upgrade,
element_end
element_start,lep_break_p1,ActorDataSkill
m_IsFriendly,False,
launch_ranks,1,2,
target_ranks,1,2,
m_IsMultiHit,False,
m_CanBeRiposted,True,
m_AverageRankIgnored,False,
m_ValidActOutTypes,skill_before,skill_after,skill_additional,
token_ignores,til_piercing,til_ignore_block,til_combo_ignore_blind_weak,
m_Tags,melee,lep_break,
m_ConditionIdOverride,lep_break,
m_SkillHistoryIdOverride,lep_break,
performer_buffs,lep_p1_neg_token_dmg_buff,
m_IsStallInvalidating,True,
element_end
element_start,lep_break_p1,ActorDataStats
key_map,health_damage,health_damage_range,crit_chance,
add_stats,5,4,0.05,
element_end
element_start,lep_break_p1,ActorDataEffects
performer_effects,leper_p1_self_blind_chance,leper_p1_self_damage_1_neg,leper_p1_self_damage_2_neg,leper_p1_self_damage_3_neg,leper_p1_self_damage_4_neg,leper_p1_self_damage_5_plus_neg,
target_effects,remove_all_block_plus,remove_all_block,end_combo_if_blind,end_combo_if_weak,ignored_token_remove_1_block_plus,ignored_token_remove_1_block,
performer_per_target_effects,ignored_token_remove_1_weak_if_target_combo,ignored_token_remove_1_blind_if_target_combo,
element_end
element_start,lep_break_p1_u,ActorDataSkill
m_IsFriendly,False,
launch_ranks,1,2,
target_ranks,1,2,
m_IsMultiHit,False,
m_CanBeRiposted,True,
m_AverageRankIgnored,False,
m_ValidActOutTypes,skill_before,skill_after,skill_additional,
token_ignores,til_piercing,til_ignore_block,til_combo_ignore_blind_weak,
m_Tags,melee,lep_break,
m_ConditionIdOverride,lep_break,
m_SkillHistoryIdOverride,lep_break,
performer_buffs,lep_p1_u_neg_token_dmg_buff,
m_IsStallInvalidating,True,
m_SkillModifierChanceModifiers,curse,3,
element_end
element_start,lep_break_p1_u,ActorDataStats
key_map,health_damage,health_damage_range,crit_chance,
add_stats,6,6,0.05,
element_end
element_start,lep_break_p1_u,ActorDataEffects
performer_effects,leper_p1_self_blind_chance_u,leper_p1_self_damage_1_neg,leper_p1_self_damage_2_neg,leper_p1_self_damage_3_neg,leper_p1_self_damage_4_neg,leper_p1_self_damage_5_plus_neg,
target_effects,remove_all_block_plus,remove_all_block,end_combo_if_blind,end_combo_if_weak,remove_anti_block_debuff,anti_block_2_rounds_e,ignored_token_remove_1_block_plus,ignored_token_remove_1_block,
performer_per_target_effects,ignored_token_remove_1_weak_if_target_combo,ignored_token_remove_1_blind_if_target_combo,
element_end
element_start,lep_break_p1_u,Unlock
m_RequirementIds,lep_break_p1,
m_CostId,hero_skill_upgrade,
element_end
element_start,lep_revenge_p1,ActorDataSkill
m_IsFriendly,True,
m_IsFriendlySelfTargetValid,True,
launch_ranks,1,2,3,4,
m_IsMultiHit,False,
m_Limit,2,
m_Cooldown,2,
m_AverageRankIgnored,True,
m_ValidActOutTypes,skill_before,skill_after,skill_block,
m_Tags,lep_revenge,
m_ConditionIdOverride,lep_revenge,
m_SkillHistoryIdOverride,lep_revenge,
m_IsStallInvalidating,False,
element_end
element_start,lep_revenge_p1,ActorDataEffects
performer_effects,leper_revenge_p1_manager_e,
performer_apply_limit_effects,lep_revenge_p1_crit_clear_e,
performer_apply_limit,1,
performer_after_target_effects,lep_revenge_anti_block_e,remove_all_block,remove_all_weak,lep_revenge_clear_withstand,remove_all_block_plus,add_1_strength,
element_end
element_start,lep_revenge_p1_u,ActorDataSkill
m_IsFriendly,True,
m_IsFriendlySelfTargetValid,True,
launch_ranks,1,2,3,4,
m_IsMultiHit,False,
m_Limit,2,
m_Cooldown,2,
m_IsFreeAction,True,
m_AverageRankIgnored,True,
m_ValidActOutTypes,skill_before,skill_after,skill_block,
m_Tags,lep_revenge,
m_ConditionIdOverride,lep_revenge,
m_SkillHistoryIdOverride,lep_revenge,
m_IsStallInvalidating,False,
m_SkillModifierChanceModifiers,curse,3,
element_end
element_start,lep_revenge_p1_u,ActorDataEffects
performer_effects,leper_revenge_p1_manager_e,
performer_apply_limit_effects,lep_revenge_p1_crit_clear_e,
performer_apply_limit,1,
performer_after_target_effects,lep_revenge_anti_block_e,remove_all_block,remove_all_weak,lep_revenge_clear_withstand,remove_all_block_plus,add_1_strength,
element_end
element_start,lep_revenge_p1_u,Unlock
m_RequirementIds,lep_revenge_p1,
m_CostId,hero_skill_upgrade,
element_end
element_start,lep_ruin_p1,ActorDataSkill
m_IsFriendly,True,
launch_ranks,1,2,3,4,
m_TargetRelativeRanks,-1,1,
m_IsMultiHit,False,
m_Limit,2,
m_Cooldown,1,
m_IsFreeAction,True,
m_AllConditionIds,target_has_negative_token,
m_AverageRankIgnored,True,
m_ValidActOutTypes,skill_before,skill_after,skill_block,
m_Tags,lep_ruin,
m_ConditionIdOverride,lep_ruin,
m_SkillHistoryIdOverride,lep_ruin,
m_IsStallInvalidating,False,
element_end
element_start,lep_ruin_p1,ActorDataEffects
target_effects,steal_all_negative_tokens,pd_vapours_p3_do_nothing_do_not_remove_e,
performer_effects,do_nothing,
element_end
element_start,lep_ruin_p1_u,ActorDataSkill
m_IsFriendly,True,
launch_ranks,1,2,3,4,
m_TargetRelativeRanks,-1,1,
m_IsMultiHit,False,
m_Limit,3,
m_IsFreeAction,True,
m_AllConditionIds,target_has_negative_token,
m_AverageRankIgnored,True,
m_ValidActOutTypes,skill_before,skill_after,skill_block,
m_Tags,lep_ruin,
m_ConditionIdOverride,lep_ruin,
m_SkillHistoryIdOverride,lep_ruin,
m_IsStallInvalidating,False,
m_SkillModifierChanceModifiers,curse,3,
element_end
element_start,lep_ruin_p1_u,ActorDataEffects
target_effects,steal_all_negative_tokens,pd_vapours_p3_do_nothing_do_not_remove_e,
performer_effects,do_nothing,
element_end
element_start,lep_ruin_p1_u,Unlock
m_RequirementIds,lep_ruin_p1,
m_CostId,hero_skill_upgrade,
element_end
element_start,lep_break_p2,ActorDataSkill
m_IsFriendly,False,
launch_ranks,1,2,
target_ranks,1,2,
m_IsMultiHit,False,
m_CanBeRiposted,True,
m_AverageRankIgnored,False,
m_ValidActOutTypes,skill_before,skill_after,skill_additional,
token_ignores,til_piercing,til_ignore_block,til_combo_ignore_blind,
m_Tags,melee,lep_break,
m_ConditionIdOverride,lep_break,
m_SkillHistoryIdOverride,lep_break,
m_IsStallInvalidating,True,
element_end
element_start,lep_break_p2,ActorDataStats
key_map,health_damage,health_damage_range,crit_chance,
add_stats,5,4,0.05,
element_end
element_start,lep_break_p2,ActorDataEffects
performer_effects,leper_self_blind_chance,
target_effects,remove_all_block_plus,remove_all_block,end_combo_if_blind,ignored_token_remove_1_block_plus,ignored_token_remove_1_block,
performer_per_target_effects,ignored_token_remove_1_blind_if_target_combo,
element_end
element_start,lep_break_p2_u,ActorDataSkill
m_IsFriendly,False,
launch_ranks,1,2,
target_ranks,1,2,
m_IsMultiHit,False,
m_CanBeRiposted,True,
m_AverageRankIgnored,False,
m_ValidActOutTypes,skill_before,skill_after,skill_additional,
token_ignores,til_piercing,til_ignore_block,til_combo_ignore_blind,
m_Tags,melee,lep_break,
m_ConditionIdOverride,lep_break,
m_SkillHistoryIdOverride,lep_break,
m_IsStallInvalidating,True,
m_SkillModifierChanceModifiers,curse,3,
element_end
element_start,lep_break_p2_u,ActorDataStats
key_map,health_damage,health_damage_range,crit_chance,
add_stats,6,6,0.05,
element_end
element_start,lep_break_p2_u,ActorDataEffects
performer_effects,leper_self_blind_chance_u,
target_effects,steal_all_block,end_combo_if_blind,ignored_token_remove_1_block_plus,ignored_token_remove_1_block,
performer_from_target_apply_limit_effects,lep_break_p2_u_regen_1,lep_break_p2_u_regen_2,lep_break_p2_u_regen_3,lep_break_p2_u_regen_4,lep_break_p2_u_regen_5,lep_break_p2_u_regen_6,
performer_from_target_apply_limit,1,
performer_per_target_effects,ignored_token_remove_1_blind_if_target_combo,
element_end
element_start,lep_break_p2_u,Unlock
m_RequirementIds,lep_break_p2,
m_CostId,hero_skill_upgrade,
element_end
element_start,lep_revenge_p2,ActorDataSkill
m_IsFriendly,True,
m_IsFriendlySelfTargetValid,True,
launch_ranks,1,2,3,4,
m_IsMultiHit,False,
m_Limit,2,
m_Cooldown,2,
m_AverageRankIgnored,True,
m_ValidActOutTypes,skill_before,skill_after,skill_block,
m_Tags,lep_revenge,
m_ConditionIdOverride,lep_revenge,
m_SkillHistoryIdOverride,lep_revenge,
m_IsStallInvalidating,False,
element_end
element_start,lep_revenge_p2,ActorDataEffects
performer_effects,lep_revenge_p2_on_kill_e,lep_revenge_p2_when_hit_e,
performer_after_target_effects,lep_revenge_anti_block_e,remove_all_block,remove_all_weak,lep_revenge_clear_withstand,remove_all_block_plus,add_2_strength,
element_end
element_start,lep_revenge_p2_u,ActorDataSkill
m_IsFriendly,True,
m_IsFriendlySelfTargetValid,True,
launch_ranks,1,2,3,4,
m_IsMultiHit,False,
m_Limit,2,
m_Cooldown,2,
m_IsFreeAction,True,
m_AverageRankIgnored,True,
m_ValidActOutTypes,skill_before,skill_after,skill_block,
m_Tags,lep_revenge,
m_ConditionIdOverride,lep_revenge,
m_SkillHistoryIdOverride,lep_revenge,
m_IsStallInvalidating,False,
m_SkillModifierChanceModifiers,curse,3,
element_end
element_start,lep_revenge_p2_u,ActorDataEffects
performer_effects,lep_revenge_p2_on_kill_e,lep_revenge_p2_when_hit_e,
performer_after_target_effects,lep_revenge_anti_block_e,remove_all_block,remove_all_weak,lep_revenge_clear_withstand,remove_all_block_plus,add_2_strength,
element_end
element_start,lep_revenge_p2_u,Unlock
m_RequirementIds,lep_revenge_p2,
m_CostId,hero_skill_upgrade,
element_end
element_start,lep_ruin_p2,ActorDataSkill
m_IsFriendly,True,
m_IsFriendlySelfTargetValid,True,
launch_ranks,1,2,3,
m_IsMultiHit,False,
m_Limit,2,
m_AnyConditionIds,performer_has_any_block,performer_has_regen,
m_AverageRankIgnored,True,
m_ValidActOutTypes,skill_before,skill_after,skill_block,
m_Tags,lep_ruin,
m_ConditionIdOverride,lep_ruin,
m_SkillHistoryIdOverride,lep_ruin,
m_IsStallInvalidating,False,
element_end
element_start,lep_ruin_p2,ActorDataEffects
performer_effects,lep_revenge_clear_withstand,lep_withstand_clear_revenge,
performer_after_target_effects,add_1_crit_if_performer_regen_1_plus,add_1_crit_if_performer_regen_2_plus,remove_all_regen,convert_all_block_to_strength,convert_all_block_plus_to_strength,
element_end
element_start,lep_ruin_p2_u,ActorDataSkill
m_IsFriendly,True,
m_IsFriendlySelfTargetValid,True,
launch_ranks,1,2,3,
m_IsMultiHit,False,
m_Limit,2,
m_AnyConditionIds,performer_has_any_block,performer_has_regen,
m_AverageRankIgnored,True,
m_ValidActOutTypes,skill_before,skill_after,skill_block,
m_Tags,lep_ruin,
m_ConditionIdOverride,lep_ruin,
m_SkillHistoryIdOverride,lep_ruin,
m_IsStallInvalidating,False,
m_SkillModifierChanceModifiers,curse,3,
element_end
element_start,lep_ruin_p2_u,ActorDataEffects
performer_effects,lep_revenge_clear_withstand,lep_withstand_clear_revenge,
performer_after_target_effects,add_1_crit_if_performer_regen_1_plus,add_1_crit_if_performer_regen_2_plus,remove_all_regen,convert_all_block_to_strength,convert_all_block_plus_to_strength,remove_anti_weak_buff,
performer_after_target_apply_limit_effects,anti_weak_2_rounds_e,
performer_after_target_apply_limit,1,
element_end
element_start,lep_ruin_p2_u,Unlock
m_RequirementIds,lep_ruin_p2,
m_CostId,hero_skill_upgrade,
element_end
element_start,lep_solemnity_p2,ActorDataSkill
m_IsFriendly,True,
m_IsFriendlySelfTargetValid,True,
launch_ranks,1,2,
m_IsMultiHit,False,
m_Limit,2,
m_AverageRankIgnored,True,
m_ValidActOutTypes,skill_before,skill_after,skill_block,
m_Tags,heal,stress_heal,lep_solemnity,
m_ConditionIdOverride,lep_solemnity,
m_SkillHistoryIdOverride,lep_solemnity,
m_IsStallInvalidating,False,
element_end
element_start,lep_solemnity_p2,ActorDataEffects
performer_apply_limit_effects,heal_25pct_self_threshold_med,
performer_apply_limit,1,
performer_effects,hot_heal_medium,stress_heal_2,
element_end
element_start,lep_solemnity_p2_u,ActorDataSkill
m_IsFriendly,True,
m_IsFriendlySelfTargetValid,True,
launch_ranks,1,2,
m_IsMultiHit,False,
m_Limit,2,
m_AverageRankIgnored,True,
m_ValidActOutTypes,skill_before,skill_after,skill_block,
m_Tags,heal,stress_heal,lep_solemnity,
m_ConditionIdOverride,lep_solemnity,
m_SkillHistoryIdOverride,lep_solemnity,
m_IsStallInvalidating,False,
m_SkillModifierChanceModifiers,curse,3,
element_end
element_start,lep_solemnity_p2_u,ActorDataEffects
performer_apply_limit_effects,heal_33pct_self_threshold_med,
performer_apply_limit,1,
performer_effects,hot_heal_large,stress_heal_3,
element_end
element_start,lep_solemnity_p2_u,Unlock
m_RequirementIds,lep_solemnity_p2,
m_CostId,hero_skill_upgrade,
element_end
element_start,lep_withstand_p2,ActorDataSkill
m_IsFriendly,True,
m_IsFriendlySelfTargetValid,True,
launch_ranks,1,2,3,4,
m_IsMultiHit,False,
m_Limit,2,
m_Cooldown,2,
m_AverageRankIgnored,True,
m_ValidActOutTypes,skill_before,skill_after,skill_block,
m_Tags,lep_withstand,
m_ConditionIdOverride,lep_withstand,
m_SkillHistoryIdOverride,lep_withstand,
m_IsStallInvalidating,False,
element_end
element_start,lep_withstand_p2,ActorDataEffects
performer_effects,lep_withstand_p2_move_res_e,lep_withstand_p2_stun_res_e,add_2_taunt_nr,
performer_apply_limit_effects,lep_withstand_p2_token_gen_e,
performer_apply_limit,1,
performer_after_target_effects,lep_withstand_anti_strength_e,lep_withstand_crit_debuff_e,remove_all_strength,remove_all_vulnerable,lep_withstand_clear_revenge,add_2_block,
element_end
element_start,lep_withstand_p2_u,ActorDataSkill
m_IsFriendly,True,
m_IsFriendlySelfTargetValid,True,
launch_ranks,1,2,3,4,
m_IsMultiHit,False,
m_Limit,2,
m_Cooldown,2,
m_IsFreeAction,True,
m_AverageRankIgnored,True,
m_ValidActOutTypes,skill_before,skill_after,skill_block,
m_Tags,lep_withstand,
m_ConditionIdOverride,lep_withstand,
m_SkillHistoryIdOverride,lep_withstand,
m_IsStallInvalidating,False,
m_SkillModifierChanceModifiers,curse,3,
element_end
element_start,lep_withstand_p2_u,ActorDataEffects
performer_effects,lep_withstand_p2_move_res_e,lep_withstand_p2_stun_res_e,add_2_taunt_nr,
performer_apply_limit_effects,lep_withstand_p2_token_gen_e,
performer_apply_limit,1,
performer_after_target_effects,lep_withstand_anti_strength_e,lep_withstand_crit_debuff_e,remove_all_strength,remove_all_vulnerable,lep_withstand_clear_revenge,add_2_block,
element_end
element_start,lep_withstand_p2_u,Unlock
m_RequirementIds,lep_withstand_p2,
m_CostId,hero_skill_upgrade,
element_end
element_start,lep_bash_p3,ActorDataSkill
m_IsFriendly,False,
launch_ranks,1,2,
target_ranks,1,2,
m_IsMultiHit,False,
m_CanBeRiposted,True,
m_AverageRankIgnored,False,
m_ValidActOutTypes,skill_before,skill_after,skill_additional,
m_Tags,melee,accepts_ruin_p3,lep_stagger,
m_ConditionIdOverride,lep_stagger,
m_SkillHistoryIdOverride,lep_stagger,
m_IsStallInvalidating,True,
element_end
element_start,lep_bash_p3,ActorDataStats
key_map,health_damage,health_damage_range,crit_chance,
add_stats,3,4,0.05,
element_end
element_start,lep_bash_p3,ActorDataEffects
performer_effects,add_1_immobilize_nr,
target_effects,add_1_immobilize,add_1_daze,
element_end
element_start,lep_bash_p3_u,ActorDataSkill
m_IsFriendly,False,
launch_ranks,1,2,
target_ranks,1,2,
m_IsMultiHit,False,
m_CanBeRiposted,True,
m_AverageRankIgnored,False,
m_ValidActOutTypes,skill_before,skill_after,skill_additional,
m_Tags,melee,accepts_ruin_p3,lep_stagger,
m_ConditionIdOverride,lep_stagger,
m_SkillHistoryIdOverride,lep_stagger,
m_IsStallInvalidating,True,
m_SkillModifierChanceModifiers,curse,3,
element_end
element_start,lep_bash_p3_u,ActorDataStats
key_map,health_damage,health_damage_range,crit_chance,
add_stats,5,4,0.05,
element_end
element_start,lep_bash_p3_u,ActorDataEffects
performer_effects,add_2_immobilize_nr,
target_effects,add_2_immobilize,add_1_daze,end_combo,
target_apply_limit_effects,combo_add_1_stun,
target_apply_limit,1,
element_end
element_start,lep_bash_p3_u,Unlock
m_RequirementIds,lep_bash_p3,
m_CostId,hero_skill_upgrade,
element_end
element_start,lep_chop_p3,ActorDataSkill
m_IsFriendly,False,
launch_ranks,1,2,3
target_ranks,1,2,
m_IsMultiHit,True,
m_CanBeRiposted,True,
m_AverageRankIgnored,False,
m_ValidActOutTypes,skill_before,skill_after,skill_additional,
token_ignores,til_combo_ignore_blind,
m_Tags,melee,lep_chop,
m_ConditionIdOverride,lep_chop,
m_SkillHistoryIdOverride,lep_chop,
performer_buffs,lep_chop_p3_per_kill_dmg_buff,
m_IsStallInvalidating,True,
element_end
element_start,lep_chop_p3,ActorDataStats
key_map,health_damage,health_damage_range,crit_chance,
add_stats,5,4,0.35,
element_end
element_start,lep_chop_p3,ActorDataEffects
performer_effects,leper_self_blind_chance,
target_effects,end_combo_if_blind,
performer_per_target_effects,ignored_token_remove_1_blind_if_target_combo,
element_end
element_start,lep_chop_p3_u,ActorDataSkill
m_IsFriendly,False,
launch_ranks,1,2,3
target_ranks,1,2,
m_IsMultiHit,True,
m_CanBeRiposted,True,
m_AverageRankIgnored,False,
m_ValidActOutTypes,skill_before,skill_after,skill_additional,
token_ignores,til_combo_ignore_blind,
m_Tags,melee,lep_chop,
m_ConditionIdOverride,lep_chop,
m_SkillHistoryIdOverride,lep_chop,
performer_buffs,lep_chop_p3_per_kill_dmg_buff,
m_IsStallInvalidating,True,
m_SkillModifierChanceModifiers,curse,3,
element_end
element_start,lep_chop_p3_u,ActorDataStats
key_map,health_damage,health_damage_range,crit_chance,
add_stats,6,6,0.35,
element_end
element_start,lep_chop_p3_u,ActorDataEffects
performer_effects,leper_self_blind_chance_u,
target_effects,end_combo_if_blind,
performer_per_target_effects,ignored_token_remove_1_blind_if_target_combo,
element_end
element_start,lep_chop_p3_u,Unlock
m_RequirementIds,lep_chop_p3,
m_CostId,hero_skill_upgrade,
element_end
element_start,lep_purge_p3,ActorDataSkill
m_IsFriendly,False,
launch_ranks,1,2,
target_ranks,1,2,
m_IsMultiHit,False,
m_CanBeRiposted,True,
m_DeathClassTagIgnores,corpse,
m_AverageRankIgnored,False,
m_ValidActOutTypes,skill_before,skill_after,skill_additional,
token_ignores,til_ignore_dodge,til_ignore_dodge_plus,
m_Tags,melee,accepts_ruin_p3,lep_purge,
m_ConditionIdOverride,lep_purge,
m_SkillHistoryIdOverride,lep_purge,
m_IsStallInvalidating,True,
element_end
element_start,lep_purge_p3,ActorDataStats
key_map,health_damage,health_damage_range,crit_chance,
add_stats,2,2,0.05,
element_end
element_start,lep_purge_p3,ActorDataEffects
target_team_effects,clear_corpse,
target_apply_limit_effects,lep_purge_p3_token_steal_pct_0,lep_purge_p3_token_steal_pct_1,lep_purge_p3_token_steal_pct_2,lep_purge_p3_token_steal_pct_3,lep_purge_p3_token_steal_pct_4,lep_purge_p3_token_steal_pct_5,lep_purge_p3_token_steal_pct_6,lep_purge_p3_token_steal_pct_7,lep_purge_p3_token_steal_pct_8,lep_purge_p3_token_steal_pct_9,lep_purge_p3_token_steal_pct_10,lep_purge_p3_token_steal_pct_11,lep_purge_p3_token_steal_pct_12,lep_purge_p3_token_steal_pct_13,lep_purge_p3_token_steal_pct_14,lep_purge_p3_token_steal_pct_15,lep_purge_p3_token_steal_pct_16,lep_purge_p3_token_steal_pct_17,lep_purge_p3_token_steal_pct_18,lep_purge_p3_token_steal_pct_19,lep_purge_p3_token_steal_pct_20,lep_purge_p3_token_steal_pct_21,lep_purge_p3_token_steal_pct_22,lep_purge_p3_token_steal_pct_23,lep_purge_p3_token_steal_pct_24,lep_purge_p3_token_steal_pct_25,lep_purge_p3_token_steal_pct_26,lep_purge_p3_token_steal_pct_27,lep_purge_p3_token_steal_pct_28,lep_purge_p3_token_steal_pct_29,lep_purge_p3_token_steal_pct_30,lep_purge_p3_token_steal_pct_31,lep_purge_p3_token_steal_pct_32,lep_purge_p3_token_steal_pct_33,
target_apply_limit,1,
target_effects,ignored_token_remove_1_dodge,ignored_token_remove_1_dodge_plus,destroy_2_positive_token,
element_end
element_start,lep_purge_p3_u,ActorDataSkill
m_IsFriendly,False,
launch_ranks,1,2,
target_ranks,1,2,
m_IsMultiHit,False,
m_CanBeRiposted,True,
m_DeathClassTagIgnores,corpse,
m_AverageRankIgnored,False,
m_ValidActOutTypes,skill_before,skill_after,skill_additional,
token_ignores,til_ignore_dodge,til_ignore_dodge_plus,
m_Tags,melee,accepts_ruin_p3,lep_purge,
m_ConditionIdOverride,lep_purge,
m_SkillHistoryIdOverride,lep_purge,
m_IsStallInvalidating,True,
m_SkillModifierChanceModifiers,curse,3,
element_end
element_start,lep_purge_p3_u,ActorDataStats
key_map,health_damage,health_damage_range,crit_chance,
add_stats,3,2,0.05,
element_end
element_start,lep_purge_p3_u,ActorDataEffects
target_team_effects,clear_corpse,
target_apply_limit_effects,lep_purge_p3_token_steal_pct_0,lep_purge_p3_u_token_steal_pct_1,lep_purge_p3_u_token_steal_pct_2,lep_purge_p3_u_token_steal_pct_3,lep_purge_p3_u_token_steal_pct_4,lep_purge_p3_u_token_steal_pct_5,lep_purge_p3_u_token_steal_pct_6,lep_purge_p3_u_token_steal_pct_7,lep_purge_p3_u_token_steal_pct_8,lep_purge_p3_u_token_steal_pct_9,lep_purge_p3_u_token_steal_pct_10,lep_purge_p3_u_token_steal_pct_11,lep_purge_p3_u_token_steal_pct_12,lep_purge_p3_u_token_steal_pct_13,lep_purge_p3_u_token_steal_pct_14,lep_purge_p3_u_token_steal_pct_15,lep_purge_p3_u_token_steal_pct_16,lep_purge_p3_u_token_steal_pct_17,lep_purge_p3_u_token_steal_pct_18,lep_purge_p3_u_token_steal_pct_19,lep_purge_p3_u_token_steal_pct_20,lep_purge_p3_u_token_steal_pct_21,lep_purge_p3_u_token_steal_pct_22,lep_purge_p3_u_token_steal_pct_23,lep_purge_p3_u_token_steal_pct_24,lep_purge_p3_u_token_steal_pct_25,lep_purge_p3_u_token_steal_pct_26,lep_purge_p3_u_token_steal_pct_27,lep_purge_p3_u_token_steal_pct_28,lep_purge_p3_u_token_steal_pct_29,lep_purge_p3_u_token_steal_pct_30,lep_purge_p3_u_token_steal_pct_31,lep_purge_p3_u_token_steal_pct_32,lep_purge_p3_u_token_steal_pct_33,lep_purge_p3_u_token_steal_pct_34,lep_purge_p3_u_token_steal_pct_35,lep_purge_p3_u_token_steal_pct_36,lep_purge_p3_u_token_steal_pct_37,lep_purge_p3_u_token_steal_pct_38,lep_purge_p3_u_token_steal_pct_39,lep_purge_p3_u_token_steal_pct_40,lep_purge_p3_u_token_steal_pct_41,lep_purge_p3_u_token_steal_pct_42,lep_purge_p3_u_token_steal_pct_43,lep_purge_p3_u_token_steal_pct_44,lep_purge_p3_u_token_steal_pct_45,lep_purge_p3_u_token_steal_pct_46,lep_purge_p3_u_token_steal_pct_47,lep_purge_p3_u_token_steal_pct_48,lep_purge_p3_u_token_steal_pct_49,lep_purge_p3_u_token_steal_pct_50,lep_purge_p3_u_token_steal_pct_51,lep_purge_p3_u_token_steal_pct_52,lep_purge_p3_u_token_steal_pct_53,lep_purge_p3_u_token_steal_pct_54,lep_purge_p3_u_token_steal_pct_55,lep_purge_p3_u_token_steal_pct_56,lep_purge_p3_u_token_steal_pct_57,lep_purge_p3_u_token_steal_pct_58,lep_purge_p3_u_token_steal_pct_59,lep_purge_p3_u_token_steal_pct_60,lep_purge_p3_u_token_steal_pct_61,lep_purge_p3_u_token_steal_pct_62,lep_purge_p3_u_token_steal_pct_63,lep_purge_p3_u_token_steal_pct_64,lep_purge_p3_u_token_steal_pct_65,lep_purge_p3_u_token_steal_pct_66,
target_apply_limit,1,
target_effects,ignored_token_remove_1_dodge,ignored_token_remove_1_dodge_plus,destroy_2_positive_token,
element_end
element_start,lep_purge_p3_u,Unlock
m_RequirementIds,lep_purge_p3,
m_CostId,hero_skill_upgrade,
element_end
element_start,lep_reflection_p3,ActorDataSkill
m_IsFriendly,True,
launch_ranks,1,2,3,4
m_TargetRelativeRanks,-1,1,
m_IsMultiHit,False,
m_Cooldown,2,
m_AnyConditionIds,performer_has_pos_copy_steal_tokens_hidden,performer_has_blind_hidden,
m_AverageRankIgnored,True,
m_ValidActOutTypes,skill_before,skill_after,skill_block,
m_Tags,lep_reflection,
m_ConditionIdOverride,lep_reflection,
m_SkillHistoryIdOverride,lep_reflection,
m_IsStallInvalidating,False,
element_end
element_start,lep_reflection_p3,ActorDataEffects
performer_after_target_effects,remove_all_blind,
target_effects,pd_vapours_p3_do_nothing_do_not_remove_e,
actor_effect_triggers,lep_reflection_p3_copy_aet,
element_end
element_start,lep_reflection_p3_u,ActorDataSkill
m_IsFriendly,True,
launch_ranks,1,2,3,4
m_TargetRelativeRanks,-1,1,
m_IsMultiHit,False,
m_Cooldown,1,
m_AnyConditionIds,performer_has_pos_copy_steal_tokens_hidden,performer_has_blind_hidden,
m_AverageRankIgnored,True,
m_ValidActOutTypes,skill_before,skill_after,skill_block,
m_Tags,lep_reflection,
m_ConditionIdOverride,lep_reflection,
m_SkillHistoryIdOverride,lep_reflection,
m_IsStallInvalidating,False,
m_SkillModifierChanceModifiers,curse,3,
element_end
element_start,lep_reflection_p3_u,ActorDataEffects
performer_after_target_effects,remove_all_blind,remove_all_weak,remove_all_vulnerable,remove_all_combo_visible,
target_effects,pd_vapours_p3_do_nothing_do_not_remove_e,
actor_effect_triggers,lep_reflection_p3_copy_aet,
element_end
element_start,lep_reflection_p3_u,Unlock
m_RequirementIds,lep_reflection_p3,
m_CostId,hero_skill_upgrade,
element_end
element_start,lep_ruin_p3,ActorDataSkill
m_IsFriendly,True,
m_IsFriendlySelfTargetValid,True,
launch_ranks,1,2,3,
m_IsMultiHit,False,
m_AllConditionIds,performer_no_lep_ruin_p3_active,
m_AverageRankIgnored,True,
m_ValidActOutTypes,skill_before,skill_after,skill_block,
m_Tags,lep_ruin,
m_ConditionIdOverride,lep_ruin,
m_SkillHistoryIdOverride,lep_ruin,
m_IsStallInvalidating,False,
element_end
element_start,lep_ruin_p3,ActorDataEffects
performer_effects,add_1_lep_ruin_p3_active,
performer_after_target_effects,lep_ruin_p3_kill_buff_1,lep_ruin_p3_kill_buff_2,lep_ruin_p3_kill_buff_3,lep_ruin_p3_kill_buff_4,lep_ruin_p3_kill_buff_5,lep_ruin_p3_kill_buff_6,lep_ruin_p3_kill_buff_7,lep_ruin_p3_kill_buff_8,lep_ruin_p3_kill_buff_9,lep_ruin_p3_kill_buff_10,lep_ruin_p3_kill_buff_11,lep_ruin_p3_kill_buff_12,lep_ruin_p3_kill_buff_13,lep_ruin_p3_kill_buff_14,lep_ruin_p3_kill_buff_15,lep_ruin_p3_kill_buff_16,lep_ruin_p3_kill_buff_17,lep_ruin_p3_kill_buff_18,lep_ruin_p3_kill_buff_19,lep_ruin_p3_kill_buff_20,lep_ruin_p3_kill_buff_21,lep_ruin_p3_kill_buff_22,lep_ruin_p3_kill_buff_23,lep_ruin_p3_kill_buff_24,lep_ruin_p3_kill_buff_25,lep_ruin_p3_kill_buff_26,lep_ruin_p3_kill_buff_27,lep_ruin_p3_kill_buff_28,lep_ruin_p3_kill_buff_29,lep_ruin_p3_kill_buff_30,lep_ruin_p3_kill_buff_31,lep_ruin_p3_kill_buff_32,lep_ruin_p3_kill_buff_33,lep_ruin_p3_kill_buff_34,lep_ruin_p3_kill_buff_35,lep_ruin_p3_kill_buff_36,lep_ruin_p3_kill_buff_37,lep_ruin_p3_kill_buff_38,lep_ruin_p3_kill_buff_39,lep_ruin_p3_kill_buff_40,lep_ruin_p3_kill_buff_41,lep_ruin_p3_kill_buff_42,lep_ruin_p3_kill_buff_43,lep_ruin_p3_kill_buff_44,lep_ruin_p3_kill_buff_45,lep_ruin_p3_kill_buff_46,lep_ruin_p3_kill_buff_47,lep_ruin_p3_kill_buff_48,lep_ruin_p3_kill_buff_49,lep_ruin_p3_kill_buff_50,lep_ruin_p3_kill_buff_51,lep_ruin_p3_kill_buff_52,lep_ruin_p3_kill_buff_53,lep_ruin_p3_kill_buff_54,lep_ruin_p3_kill_buff_55,lep_ruin_p3_kill_buff_56,lep_ruin_p3_kill_buff_57,lep_ruin_p3_kill_buff_58,lep_ruin_p3_kill_buff_59,lep_ruin_p3_kill_buff_60,lep_ruin_p3_kill_buff_61,lep_ruin_p3_kill_buff_62,lep_ruin_p3_kill_buff_63,lep_ruin_p3_kill_buff_64,lep_ruin_p3_kill_buff_65,lep_ruin_p3_kill_buff_66,
element_end
element_start,lep_ruin_p3_u,ActorDataSkill
m_IsFriendly,True,
m_IsFriendlySelfTargetValid,True,
launch_ranks,1,2,3,
m_IsMultiHit,False,
m_AllConditionIds,performer_no_lep_ruin_p3_u_active,
m_AverageRankIgnored,True,
m_ValidActOutTypes,skill_before,skill_after,skill_block,
m_Tags,lep_ruin,
m_ConditionIdOverride,lep_ruin,
m_SkillHistoryIdOverride,lep_ruin,
m_IsStallInvalidating,False,
m_SkillModifierChanceModifiers,curse,3,
element_end
element_start,lep_ruin_p3_u,ActorDataEffects
performer_effects,add_1_lep_ruin_p3_u_active,
performer_after_target_effects,lep_ruin_p3_kill_buff_1,lep_ruin_p3_kill_buff_2,lep_ruin_p3_kill_buff_3,lep_ruin_p3_kill_buff_4,lep_ruin_p3_kill_buff_5,lep_ruin_p3_kill_buff_6,lep_ruin_p3_kill_buff_7,lep_ruin_p3_kill_buff_8,lep_ruin_p3_kill_buff_9,lep_ruin_p3_kill_buff_10,lep_ruin_p3_kill_buff_11,lep_ruin_p3_kill_buff_12,lep_ruin_p3_kill_buff_13,lep_ruin_p3_kill_buff_14,lep_ruin_p3_kill_buff_15,lep_ruin_p3_kill_buff_16,lep_ruin_p3_kill_buff_17,lep_ruin_p3_kill_buff_18,lep_ruin_p3_kill_buff_19,lep_ruin_p3_kill_buff_20,lep_ruin_p3_kill_buff_21,lep_ruin_p3_kill_buff_22,lep_ruin_p3_kill_buff_23,lep_ruin_p3_kill_buff_24,lep_ruin_p3_kill_buff_25,lep_ruin_p3_kill_buff_26,lep_ruin_p3_kill_buff_27,lep_ruin_p3_kill_buff_28,lep_ruin_p3_kill_buff_29,lep_ruin_p3_kill_buff_30,lep_ruin_p3_kill_buff_31,lep_ruin_p3_kill_buff_32,lep_ruin_p3_kill_buff_33,lep_ruin_p3_kill_buff_34,lep_ruin_p3_kill_buff_35,lep_ruin_p3_kill_buff_36,lep_ruin_p3_kill_buff_37,lep_ruin_p3_kill_buff_38,lep_ruin_p3_kill_buff_39,lep_ruin_p3_kill_buff_40,lep_ruin_p3_kill_buff_41,lep_ruin_p3_kill_buff_42,lep_ruin_p3_kill_buff_43,lep_ruin_p3_kill_buff_44,lep_ruin_p3_kill_buff_45,lep_ruin_p3_kill_buff_46,lep_ruin_p3_kill_buff_47,lep_ruin_p3_kill_buff_48,lep_ruin_p3_kill_buff_49,lep_ruin_p3_kill_buff_50,lep_ruin_p3_kill_buff_51,lep_ruin_p3_kill_buff_52,lep_ruin_p3_kill_buff_53,lep_ruin_p3_kill_buff_54,lep_ruin_p3_kill_buff_55,lep_ruin_p3_kill_buff_56,lep_ruin_p3_kill_buff_57,lep_ruin_p3_kill_buff_58,lep_ruin_p3_kill_buff_59,lep_ruin_p3_kill_buff_60,lep_ruin_p3_kill_buff_61,lep_ruin_p3_kill_buff_62,lep_ruin_p3_kill_buff_63,lep_ruin_p3_kill_buff_64,lep_ruin_p3_kill_buff_65,lep_ruin_p3_kill_buff_66,
performer_neighbors_effects,lep_ruin_p3_u_kill_buff_1,lep_ruin_p3_u_kill_buff_2,lep_ruin_p3_u_kill_buff_3,lep_ruin_p3_u_kill_buff_4,lep_ruin_p3_u_kill_buff_5,lep_ruin_p3_u_kill_buff_6,lep_ruin_p3_u_kill_buff_7,lep_ruin_p3_u_kill_buff_8,lep_ruin_p3_u_kill_buff_9,lep_ruin_p3_u_kill_buff_10,lep_ruin_p3_u_kill_buff_11,lep_ruin_p3_u_kill_buff_12,lep_ruin_p3_u_kill_buff_13,lep_ruin_p3_u_kill_buff_14,lep_ruin_p3_u_kill_buff_15,lep_ruin_p3_u_kill_buff_16,lep_ruin_p3_u_kill_buff_17,lep_ruin_p3_u_kill_buff_18,lep_ruin_p3_u_kill_buff_19,lep_ruin_p3_u_kill_buff_20,lep_ruin_p3_u_kill_buff_21,lep_ruin_p3_u_kill_buff_22,lep_ruin_p3_u_kill_buff_23,lep_ruin_p3_u_kill_buff_24,lep_ruin_p3_u_kill_buff_25,lep_ruin_p3_u_kill_buff_26,lep_ruin_p3_u_kill_buff_27,lep_ruin_p3_u_kill_buff_28,lep_ruin_p3_u_kill_buff_29,lep_ruin_p3_u_kill_buff_30,lep_ruin_p3_u_kill_buff_31,lep_ruin_p3_u_kill_buff_32,lep_ruin_p3_u_kill_buff_33,
element_end
element_start,lep_ruin_p3_u,Unlock
m_RequirementIds,lep_ruin_p3,
m_CostId,hero_skill_upgrade,
element_end
element_start,lep_solemnity_p3,ActorDataSkill
m_IsFriendly,True,
m_IsFriendlySelfTargetValid,True,
launch_ranks,1,2,
m_IsMultiHit,False,
m_Limit,2,
m_AnyConditionIds,target_has_stress_hidden,performer_health_under_33pct_hidden,
m_AverageRankIgnored,True,
m_ValidActOutTypes,skill_before,skill_after,skill_block,
m_Tags,heal,stress_heal,lep_solemnity,
m_ConditionIdOverride,lep_solemnity,
m_SkillHistoryIdOverride,lep_solemnity,
performer_buffs,lep_solemnity_p3_heal_buff,
m_IsStallInvalidating,False,
element_end
element_start,lep_solemnity_p3,ActorDataEffects
performer_apply_limit_effects,heal_25pct_self_threshold_med,
performer_apply_limit,1,
performer_effects,stress_heal_2,
element_end
element_start,lep_solemnity_p3_u,ActorDataSkill
m_IsFriendly,True,
m_IsFriendlySelfTargetValid,True,
launch_ranks,1,2,
m_IsMultiHit,False,
m_Limit,2,
m_AnyConditionIds,target_has_stress_hidden,performer_health_under_33pct_hidden,
m_AverageRankIgnored,True,
m_ValidActOutTypes,skill_before,skill_after,skill_block,
m_Tags,heal,stress_heal,lep_solemnity,
m_ConditionIdOverride,lep_solemnity,
m_SkillHistoryIdOverride,lep_solemnity,
performer_buffs,lep_solemnity_p3_heal_buff,
m_IsStallInvalidating,False,
m_SkillModifierChanceModifiers,curse,3,
element_end
element_start,lep_solemnity_p3_u,ActorDataEffects
performer_apply_limit_effects,heal_40pct_self_threshold_med,
performer_apply_limit,1,
performer_effects,stress_heal_3,
element_end
element_start,lep_solemnity_p3_u,Unlock
m_RequirementIds,lep_solemnity_p3,
m_CostId,hero_skill_upgrade,
element_end
